37,44,94,74,82,83,41,65,26,24
0.1293012946844101,0.08992351591587067,0.1187271922826767,0.13662536442279816,0.013911427929997444,0.07051146030426025,0.028830787166953087,0.1661449670791626,0.23899446427822113,0.00702953664585948
28.300130740022098,63.29691549924649,45.47684635820188,36.89179801449351,116.79791492011961,90.06013073739956,81.05168405580017,28.663290608644797,19.214363701693,144.24448240097436
94,71,66,35,38,84,42,43,11,95
0.041185617446899414,0.3431891202926636,0.05087900161743164,0.009742023423314095,0.07665535807609558,0.06595989316701889,0.04991232976317406,0.17341488599777222,0.13691149652004242,0.05215020850300789
112.32240756940487,6.764165073250622,76.6957895886404,77.4595313948274,41.05158393954261,50.19824468575818,76.50411038793929,15.036767783535682,14.562475376353914,31.985192687703652
15,88,13,42,72,22,6,0,69,17
0.38116544485092163,0.01830039918422699,0.056324925273656845,0.0982692763209343,0.18634524941444397,0.08251704275608063,0.040447406470775604,0.056714970618486404,0.01790449768304825,0.062010761350393295
6.941151250943648,76.47555650132597,67.78726128830364,32.41268318498177,15.491872317772188,41.353535135028814,112.23750191418864,67.81104909162113,76.48247731302575,58.91658977555685
31,94,47,15,11,35,62,77,21,93
0.014713678508996964,0.0740133747458458,0.0028836766723543406,0.5623230338096619,0.036603521555662155,0.00672379694879055,0.02008081041276455,0.16902613639831543,0.05229756236076355,0.06133437156677246
94.28746457807898,67.73399473653352,140.14134884554952,6.030846142465566,58.674812676123004,121.55427751754563,85.310757193737,23.971687146881607,112.39715351016457,85.66410204342452
91,78,82,2,77,31,70,65,60,36
0.44631698727607727,0.023738324642181396,0.03207658231258392,0.05146355554461479,0.13542410731315613,0.029477108269929886,0.10353472083806992,0.0941762626171112,0.06051167845726013,0.02328074909746647
8.116050133863801,85.46525358479023,76.49031354626709,58.72129451644863,41.27857970640614,76.56826508906937,58.87678308074839,67.97995597279025,165.80989090484016,85.46848720252102
63,42,69,72,83,44,79,50,66,74
0.07756505161523819,0.15109042823314667,0.027504434809088707,0.2988904118537903,0.06193236634135246,0.07283741235733032,0.005376430694013834,0.057729028165340424,0.15342161059379578,0.09365282207727432
40.72381461931627,32.30235311245239,76.35692106503018,14.97664961095558,112.26227922119477,85.52287477263027,130.4421716940116,49.84997267191453,32.50373325913886,58.971039469334016
82,90,50,35,0,79,25,37,16,60
0.03754902631044388,0.30002889037132263,0.08732534945011139,0.010216226801276207,0.025225365534424782,0.006353280507028103,0.3413560688495636,0.03651822730898857,0.13420993089675903,0.021217618137598038
22.96884566306609,6.282098665363146,23.29976979416186,49.94734043376334,138.9762794508473,59.125666866614495,5.8847477985748915,67.74617292004397,14.777256496735532,219.3938026130182
94,35,21,1,88,43,68,27,19,92
0.04699195176362991,0.006969963200390339,0.03673207759857178,0.21653345227241516,0.02831576019525528,0.2289418876171112,0.10429903864860535,0.049842286854982376,0.2373351752758026,0.04403829202055931
94.31307467518754,94.35804379960142,139.2748519116068,7.969968695106434,49.667642946483525,7.410812067381474,32.54096726867918,85.35991127645929,14.673914823424496,103.4127236187598
57,42,90,21,49,84,77,18,56,65
0.2566421926021576,0.11310764402151108,0.039329323917627335,0.054634395986795425,0.015866009518504143,0.26750078797340393,0.1397591531276703,0.023588385432958603,0.004847986623644829,0.0847240462899208
15.316197536674103,41.17829794539458,58.44913194728066,121.14992245535075,94.17795032875264,15.162898730942072,32.53865639752585,76.3002747936975,130.29596717665515,59.10853860431249
5,23,83,66,54,46,86,78,84,8
0.053163208067417145,0.04161296784877777,0.04121867194771767,0.08144427835941315,0.2683781683444977,0.04318903014063835,0.2344672530889511,0.012294246815145016,0.16090211272239685,0.06333007663488388
81.15741419553885,45.53401405045326,125.57367577193477,45.62190700132449,11.223549498910414,116.83589335714646,11.270867893544422,89.67576414941358,19.593682247939082,63.31778844830554
38,24,45,8,65,19,49,17,40,22
0.24397437274456024,0.007055198773741722,0.03006129153072834,0.058146219700574875,0.05639379844069481,0.4204834997653961,0.011935065500438213,0.05315916985273361,0.052996158599853516,0.06579528748989105
15.194536753173974,103.1050312105937,49.741737791472715,67.7535169751357,68.06681503195041,7.0264990459526455,85.2194347011364,76.48357539163229,76.65614808391105,58.78408461068034
56,30,69,47,51,48,92,84,32,22
0.008717899210751057,0.05510161072015762,0.1480550467967987,0.006279011256992817,0.07498142868280411,0.1610143631696701,0.04416170343756676,0.06287761777639389,0.38787102699279785,0.050940368324518204
71.99907768506483,27.208623708331196,10.50215889670782,72.0235862246268,54.51838807844446,10.096338087922994,143.56649972660753,72.22206288377188,9.892379339994381,107.83417354612126
53,15,3,23,83,11,27,76,70,35
0.14468491077423096,0.054136622697114944,0.13991937041282654,0.22713272273540497,0.036892119795084,0.23505987226963043,0.04280538111925125,0.05782144516706467,0.04454897344112396,0.016998587176203728
11.024057264093457,63.245238596104016,10.790533254207423,5.838183031005077,170.2153851558372,5.199596961614661,116.53507552717765,36.083331829772874,98.79446190513414,62.84893610500698
0,94,96,91,51,3,36,90,37,84
0.059568751603364944,0.059751395136117935,0.012321479618549347,0.18466128408908844,0.1954123079776764,0.14521583914756775,0.02019008994102478,0.06621553748846054,0.1412905752658844,0.1153726875782013
94.38862174045397,94.38312775431581,94.14254795753884,16.032057119058365,15.041165640280655,23.243450595930646,76.25253581848933,40.71257238009762,24.219706382326226,32.27308290019428
0,92,37,24,39,63,28,96,58,72
0.04429154098033905,0.041974879801273346,0.11867494136095047,0.00838604848831892,0.41755884885787964,0.15163785219192505,0.0467151515185833,0.008354791440069675,0.08601170778274536,0.07639414817094803
90.19416988503193,98.90076011620184,19.96039703891613,98.5734775117019,4.318182477084023,18.937162389987726,81.17075161638427,98.6203658607085,27.87400152359722,36.71261584400347
35,32,3,96,25,8,93,74,88,50
0.022927457466721535,0.10893507301807404,0.08416497707366943,0.026299061253666878,0.16233223676681519,0.03990394249558449,0.03601895272731781,0.038313157856464386,0.3940447270870209,0.0870603546500206
44.96942049100561,18.790855553736936,27.423823604198937,44.98598550217125,10.546286152543374,125.55800452380565,161.3870965160319,134.4506327848627,3.1116075025129413,27.449396356779186
53,43,41,30,82,92,50,34,7,64
0.14453376829624176,0.0873798280954361,0.22481830418109894,0.06026257947087288,0.06166733801364899,0.04022331163287163,0.14104677736759186,0.04454038664698601,0.10809925198554993,0.0874284878373146
18.90026054404575,36.43107221124486,10.633159780331644,27.147818113438003,27.30135441029838,143.42338574348676,19.29615936805617,107.77834150903186,27.745639217820678,36.67440640229829
18,55,4,35,2,13,24,76,9,43
0.08310171216726303,0.13011501729488373,0.1925329566001892,0.019978927448391914,0.1301642507314682,0.0673011764883995,0.023006001487374306,0.057000815868377686,0.09355466812849045,0.20324453711509705
27.185727537409797,45.1949850085369,27.483433397742083,62.74280181572624,18.801796944956486,125.55336888152384,62.72726454100223,36.073213516381344,71.97061914094702,27.37869084529689
11,48,53,27,55,65,31,89,17,23
0.10899436473846436,0.40224629640579224,0.08575689792633057,0.03424287959933281,0.049144718796014786,0.03399943187832832,0.07212909311056137,0.07111762464046478,0.0339461974799633,0.10842245817184448
18.978210000787335,4.363058086210573,27.50951207118242,134.40748880503273,63.211303936182965,125.81695145503049,18.50970699199983,36.5562361087339,134.47355397530774,19.15320457159397
15,22,82,11,93,75,3,77,88,16
0.04364943131804466,0.03798218443989754,0.06371496617794037,0.14286135137081146,0.03219185024499893,0.09776882082223892,0.09842123091220856,0.041186146438121796,0.30432388186454773,0.13790006935596466
76.60426475664556,112.14178211922173,22.736615278365562,14.424262778022769,156.79730396677743,22.994150495968533,22.99263479644759,94.27310828286346,5.797443865808212,14.861976885111677
0,27,39,70,20,85,12,72,94,32
5.37842461199034e-05,0.10154717415571213,0.16102229058742523,0.1303296536207199,0.06076209247112274,0.06178467720746994,0.011377380229532719,0.3333149254322052,0.09251734614372253,0.04729070886969566
116113.20710410165,54.40177815841018,27.646270710164284,36.50125245336196,54.31562850598343,116.77813917451545,116.3956916352577,10.641559218120879,63.19599581238316,62.930841178903485
17,32,73,28,12,2,85,13,18,80
0.15111392736434937,0.08252250403165817,0.20479780435562134,0.15181876718997955,0.01906430907547474,0.0510435551404953,0.09590528905391693,0.13823246955871582,0.03979999199509621,0.06570135056972504
63.14308605386856,53.95568611789795,27.632879868097127,63.11822751417573,107.42691010926917,71.81453978826293,125.60591817142813,72.14089404595704,80.68271916510375,62.89247862175174
3,14,79,74,2,49,32,18,4,7
5.3293726523406804e-05,0.059564437717199326,0.01930401287972927,0.04158012568950653,0.17511239647865295,0.12459971755743027,0.09136759489774704,0.35648825764656067,0.06080816313624382,0.07112197577953339
58070.53807224452,67.3882031358234,40.42765016001966,147.9113305962393,13.980232452075413,13.902504543008046,31.872105605413903,5.245649987921074,58.70053810509853,49.6328364798069
92,33,42,36,22,98,4,17,76,3
0.030807306990027428,0.03200530633330345,0.03828830271959305,0.01708061806857586,0.03688961640000343,0.013396378606557846,0.10638392716646194,0.03293658420443535,0.023356469348073006,0.6688554286956787
134.52606334368815,27.595854561235168,89.77420406132126,45.03161324454466,98.8270516246058,53.94198543777148,27.76960790228906,116.74548304966663,36.186226567080226,9.164056672259443
5,23,0,67,40,80,54,26,74,47
4.338605867815204e-05,0.024629415944218636,0.14064355194568634,0.009809618815779686,0.17286567389965057,0.021385230123996735,0.09552353620529175,0.3617819547653198,0.17088012397289276,0.0024374593049287796
116088.93473540017,85.37805688615929,41.07997333232308,129.89572891602324,32.607346007792096,94.22725915141277,32.18535528352239,14.933085407742162,32.494057449497596,165.61872039982376
26,4,33,73,30,86,10,12,68,82
0.06542614102363586,0.12029270082712173,0.13338853418827057,0.12629501521587372,0.08727879822254181,0.10841219127178192,0.1539243459701538,0.03668146952986717,0.07885612547397614,0.08944462984800339
107.71608007280065,36.547421102696326,18.677318440319365,36.20772555199287,27.102881066583585,45.094498488677225,27.300869278814297,44.88123569358148,71.87630773266842,27.1899805800834
9,64,30,13,76,44,39,22,78,85
6.674814358120784e-05,0.08216089755296707,0.01951093226671219,0.1688007265329361,0.01869906298816204,0.12904751300811768,0.1041611060500145,0.36801663041114807,0.015506199561059475,0.09403020143508911
89256.33521493027,58.629724373206166,120.86419774637567,41.13620074482754,120.91676986413009,58.94328245758799,49.84166090841451,14.487195379232473,129.8304934568532,94.34012704206255
64,26,82,31,65,98,73,61,44,18
0.3073309063911438,0.0782148465514183,0.046741124242544174,0.042979586869478226,0.07212190330028534,0.025647185742855072,0.3005845546722412,0.003816823475062847,0.06222258135676384,0.060340460389852524
10.345936708296176,80.98262496903271,53.87804062620271,53.89908013912436,90.06271686302829,71.67518761420335,10.477264130471655,107.39678456982546,125.52786589912019,45.00878956043267
10,11,42,19,88,80,54,78,92,96
6.219288479769602e-05,0.10033230483531952,0.10514383018016815,0.3311499357223511,0.054903894662857056,0.07550986111164093,0.21843941509723663,0.024621468037366867,0.07491599768400192,0.014921083115041256
62481.16977137992,27.40724324739493,63.225965434132554,18.696953771196675,45.013759289695244,36.16640246129255,27.72205492205732,71.71879425379899,107.71552250749424,89.54348465707179
90,87,0,73,61,97,66,35,1,22
0.040041182190179825,0.08656299114227295,0.03592371568083763,0.37213993072509766,0.0015643455553799868,0.07046373933553696,0.04748495668172836,0.006479718256741762,0.29570624232292175,0.04363318905234337
31.818099872434047,32.30785674448051,103.23095882231745,6.885868151968844,111.88138511806824,41.23648571236703,67.6667716991693,85.09247325061277,8.090399206848318,76.58293732328697
12,97,60,95,0,45,47,74,1,90
5.9175512433284894e-05,0.3868747353553772,0.06635145097970963,0.04153575748205185,0.1010509580373764,0.053428251296281815,0.004823396448045969,0.10705951601266861,0.18474166095256805,0.05407503992319107
26684.329483800037,14.377739952020612,156.81302311590704,67.3874459457676,76.60191587437615,58.52012457666807,129.799484783261,67.7253039629576,23.67827883677095,58.52768984434312
90,32,84,98,78,46,40,68,29,95
0.053170476108789444,0.0689324140548706,0.2637880742549896,0.016081349924206734,0.01971459574997425,0.069267138838768,0.09275335818529129,0.2630300223827362,0.11283562332391739,0.04042697325348854
54.04374222996359,45.24848792147299,19.21352825403887,98.48515215661953,89.59159179472424,116.71397664268834,71.9972126739119,18.82254763735629,54.17213413912636,62.899516064066425
15,44,14,40,61,33,88,73,21,30
7.111229933798313e-05,0.20085163414478302,0.0839271992444992,0.43648993968963623,0.002363139297813177,0.021452350541949272,0.027053499594330788,0.06800796836614609,0.14088097214698792,0.018902163952589035
84776.33783078862,49.87406993180424,58.574540601191444,23.239620393945497,183.41996296068757,120.93187163905552,111.95822236302031,67.57796784663807,76.67223004044554,129.83460030939364
0,71,20,83,56,36,68,89,82,19
0.04500362649559975,0.2711634933948517,0.25850710272789,0.03909378498792648,0.007865938358008862,0.030947336927056313,0.06282661855220795,0.15936730802059174,0.04714125394821167,0.07808367908000946
120.99232042391162,6.896840032602086,7.426799866847566,165.7582423949862,85.03536431152483,49.35927607619084,58.61835525043009,14.982060194964738,40.5431733016446,40.76247173028765
18,75,5,22,38,73,46,20,83,88
4.784661723533645e-05,0.08806202560663223,0.06905708461999893,0.09046878665685654,0.2850927412509918,0.22772647440433502,0.056883443146944046,0.09086884558200836,0.05440370738506317,0.037388961762189865
40107.33439160474,31.84704177508829,85.34167312558971,58.79064833824551,14.714336146507659,14.605129208409487,121.17595999722883,32.10799495209488,129.97115815874304,58.35768279005773
19,2,97,73,5,51,21,63,11,90
0.07812269032001495,0.06058812886476517,0.06131819635629654,0.13873502612113953,0.038246382027864456,0.07784153521060944,0.03308844566345215,0.23189449310302734,0.1810464709997177,0.09911856800317764
36.34523454620633,27.34629675639944,54.18025695897561,18.76470208102045,116.59984321387401,36.94508699576981,161.35654183747866,10.493021144399567,10.293206309521397,18.587449694156874
20,66,18,64,77,51,65,3,17,50
3.867460327455774e-05,0.05414218828082085,0.0327470526099205,0.2558400332927704,0.05911267176270485,0.10293303430080414,0.045529063791036606,0.20147886872291565,0.04430396109819412,0.20387443900108337
58020.03957254769,71.98120210882317,44.977796714219174,10.832414050101299,63.04215053549986,28.345917304473165,90.05477120289768,10.464811671750013,98.76298371923056,10.681687229910672
88,72,77,38,20,39,70,1,37,6
0.035686034709215164,0.059811968356370926,0.054999932646751404,0.08482785522937775,0.12994201481342316,0.16626612842082977,0.04464541748166084,0.3084569275379181,0.08350513130426407,0.03185858950018883
45.10619793107013,45.54924950928802,54.22391906195549,27.75050477264727,19.05636107605378,10.719812991091068,72.01873196541473,5.74830171134895,28.270069656421192,143.3450546321707
24,58,63,88,9,51,54,64,13,27
3.818017285084352e-05,0.3917997479438782,0.16672274470329285,0.0718957856297493,0.05140333250164986,0.06898682564496994,0.061393145471811295,0.11223636567592621,0.03696247562766075,0.038561347872018814
22251.87740394055,3.640852237535048,10.502861722888538,27.21812212249405,63.100171091660876,37.02742596289269,45.72582769463419,18.808299663458914,116.73984079862153,107.61819900840425
40,88,66,47,61,96,3,5,16,24
0.16079892218112946,0.08068776875734329,0.22072218358516693,0.008656310848891735,0.0051130796782672405,0.02357686683535576,0.19249406456947327,0.14861321449279785,0.13568097352981567,0.023656610399484634
76.34787519554817,58.31098437205035,49.59047622307382,120.80289666953355,129.7303995311045,102.93676001555518,31.63139815311827,85.4964077735872,40.69335895315874,102.91977211492211
25,36,82,2,93,42,66,94,44,38
4.703050581156276e-05,0.01171144936233759,0.01554769929498434,0.022553369402885437,0.08078267425298691,0.24088327586650848,0.24538002908229828,0.10232933610677719,0.08102229982614517,0.1997428834438324
49020.650016090156,116.4041568603759,107.45440984581555,89.63273589347811,72.04886240752695,18.927290880838985,18.971973025967724,54.27200194679113,72.16886934908293,19.129766530966783
55,57,12,67,31,76,26,6,64,97
0.13940292596817017,0.0852857157588005,0.013472247868776321,0.019219188019633293,0.023920554667711258,0.024208907037973404,0.05743028596043587,0.04016631841659546,0.5075492262840271,0.08934459090232849
23.37086360460392,41.08775502849054,76.18130230123728,67.30398332844052,58.39162219846911,58.448941894560846,76.45484459286246,147.86731277567736,5.644206001388362,41.22853963541214
30,89,47,67,72,23,57,51,45,60
3.617061520344578e-05,0.5556386113166809,0.003611311549320817,0.01800535060465336,0.06055218353867531,0.09946928173303604,0.06696192175149918,0.09965634346008301,0.06464925408363342,0.031419675797224045
35661.117873673,5.565737864202954,94.0176232233218,58.35704689131382,58.86915484851235,15.051064103233646,50.21146201783762,32.42062685850534,23.228828881606095,192.57938703947522
20,45,15,72,6,60,59,46,31,84
0.0356413908302784,0.021253084763884544,0.1945810168981552,0.13035190105438232,0.03360540792346001,0.029298214241862297,0.31410038471221924,0.035423506051301956,0.010289724916219711,0.19545526802539825
45.40277107285138,63.11593762300652,11.904573577844463,19.104770308359015,116.69790643875108,152.3985190011701,6.840800446638713,107.76571901728536,89.63093272728172,12.251054990843517
33,77,72,6,23,47,93,87,53,86
2.673969902389217e-05,0.06147870793938637,0.07048821449279785,0.03028402104973793,0.04052533209323883,0.002398520475253463,0.033673420548439026,0.1227647215127945,0.061617180705070496,0.5767431259155273
40126.20729647894,58.67548049840538,49.870190381347804,147.91160789471527,23.93443880352835,102.9581747224935,121.12290777991791,32.10569474042923,14.724204055180495,13.832364948495227
43,30,40,2,69,83,22,84,91,15
0.441832572221756,0.024863269180059433,0.04976273328065872,0.04453246295452118,0.04333915933966637,0.039401326328516006,0.057330142706632614,0.08648981899023056,0.1291738897562027,0.08327458053827286
5.786149212133933,58.317310392423366,94.28599901032496,40.56603443046981,40.65028509999576,147.80859535011825,76.4771654543858,41.08356426759596,23.877446393805652,41.363322381991544
36,81,80,26,12,78,60,58,75,19
4.024356894660741e-05,0.16667799651622772,0.29859158396720886,0.04312342405319214,0.02109372615814209,0.03160635009407997,0.03257766366004944,0.17371462285518646,0.16840258240699768,0.06417176872491837
31209.43652166761,14.425713554200762,6.38047914098961,103.20245197547392,49.32810025339892,40.49207218896373,210.43779700008741,14.419025970450411,14.317113940557785,49.67388767941865
27,96,18,95,5,47,12,39,36,82
0.031930986791849136,0.04351041093468666,0.11956335604190826,0.08230698853731155,0.030979633331298828,0.010477522388100624,0.07792752236127853,0.041832469403743744,0.26893845200538635,0.29253268241882324
165.64536431409724,13.698330987773144,22.653708100941362,31.669420731561484,174.62003393081793,31.397745466994223,5.103110296224703,85.2436821797516,5.1746129282797115,13.620584594907491
37,21,63,60,36,6,17,29,9,90
4.124334009247832e-05,0.07050497084856033,0.036253660917282104,0.05593185871839523,0.0089159170165658,0.07073567807674408,0.166007399559021,0.37406477332115173,0.19739292562007904,0.020151497796177864
80307.31055140622,81.10653198879854,71.85971644569891,116.82421607242867,134.2546626867201,81.14321708983135,27.84377520867265,10.923592581103055,19.17504637711349,98.57018834947004
74,58,95,2,46,62,37,81,28,99
0.02193550392985344,0.05590510368347168,0.3357577621936798,0.29708775877952576,0.020185241475701332,0.11111926287412643,0.029714712873101234,0.05277891457080841,0.022333508357405663,0.05318228155374527
134.37086476195276,27.282063230648333,3.333469308622889,3.8629919238854105,179.1410604279488,9.726158532022756,72.16055368282937,27.85980001778997,134.44320216870395,27.610663789246583
42,17,32,59,73,33,77,93,8,90
5.2256240451242775e-05,0.07693728804588318,0.0676451176404953,0.26766878366470337,0.23831747472286224,0.0285746231675148,0.12293922901153564,0.06316154450178146,0.08358731865882874,0.05111648887395859
98238.74917770483,72.1002414990321,45.04561083684028,11.91527529687798,18.699541480006936,71.85271393621817,36.35368388528527,98.7257486044041,63.27283508865594,53.95717703072502
13,59,3,73,63,7,86,32,51,89
0.039048969745635986,0.05490376427769661,0.13463209569454193,0.08223966509103775,0.1034810021519661,0.10257429629564285,0.07095097750425339,0.24665889143943787,0.061367616057395935,0.10414278507232666
129.94167862448907,58.847548254340005,14.236175791689108,31.983576374677735,22.994690655450093,23.405665880561912,40.66572177810662,5.723385792341673,50.12118858249348,23.074791090857545
44,63,19,5,11,69,60,51,37,90
4.379179881652817e-05,0.2613986134529114,0.17161209881305695,0.051612794399261475,0.08123013377189636,0.040995530784130096,0.038898516446352005,0.16906876862049103,0.126466765999794,0.058672986924648285
125099.00181855969,4.708502347270101,27.552898784797808,107.63454516325137,18.67038925835757,36.16104049400923,188.13172745446207,28.070513628210698,36.63808626599341,27.251483841839352
87,90,28,63,1,47,46,66,40,91
0.08120112121105194,0.04894318804144859,0.038366179913282394,0.3460032641887665,0.26665499806404114,0.0029791651759296656,0.031340766698122025,0.047460783272981644,0.0381549634039402,0.0988955870270729
40.69328545897115,22.89323257332284,103.21902437141857,6.259645267466178,14.62791113938548,94.00327246630832,147.9461010913265,76.49166685107764,103.27272563157709,32.35223507360523
48,41,73,59,13,26,32,57,99,55
2.8847356588812545e-05,0.2673981487751007,0.0691380649805069,0.0407872274518013,0.02671450935304165,0.029900407418608665,0.3311190605163574,0.03727404773235321,0.1494189202785492,0.04822074994444847
44622.714933092095,7.01758410450622,32.02507943613294,58.866681007276945,130.059534144464,103.10366256527942,6.3574332757194245,67.585326567144,14.62553782982094,49.721708448278655
70,37,13,11,65,80,49,18,26,82
0.1007566750049591,0.19111528992652893,0.0865132212638855,0.16864177584648132,0.09365899860858917,0.11643882840871811,0.03551826253533363,0.05821583420038223,0.10265205800533295,0.04648907110095024
76.37764993868461,32.1119277422006,103.18905207796998,22.873467065695763,85.47149504275534,31.756003946042924,67.21764585332113,49.39512791874696,76.44060449541853,58.35431495801103
49,24,21,90,19,40,84,62,37,70
4.878730760538019e-05,0.010948329232633114,0.05008905008435249,0.051816295832395554,0.3653414249420166,0.06722278892993927,0.14703243970870972,0.03125423192977905,0.1985308676958084,0.07771577686071396
31157.805314238678,107.41132789131228,125.53588256948689,54.003155651429296,4.550229647363966,71.95061579501075,19.451622839843353,71.71282995718931,11.917825993695983,54.15813659798152
95,54,5,67,47,39,11,59,83,6
0.026582149788737297,0.14328518509864807,0.04334354028105736,0.01264254841953516,0.002755066379904747,0.5256984829902649,0.04718173295259476,0.12895728647708893,0.034761637449264526,0.03479231894016266
53.958862459197796,18.946111452225658,89.90770006651266,80.6327606487819,116.35545871783368,3.3524013794368503,36.19985418975296,20.42612002790866,134.4062318356184,134.50108183812128
54,47,10,12,0,49,14,52,51,46
4.120837547816336e-05,0.003988973330706358,0.5586837530136108,0.01382247731089592,0.04512130841612816,0.02055361494421959,0.15895502269268036,0.05140368267893791,0.10851095616817474,0.03891889378428459
80378.86926300966,98.48627263957907,3.246658955381454,71.70842109717658,107.68076190469215,62.76967795602527,18.958549660367204,36.34508508672029,28.522826573504027,143.42729402688667
54,52,10,29,40,35,50,34,99,36
0.0660981610417366,0.10781407356262207,0.1454724669456482,0.046215564012527466,0.042747873812913895,0.013695202767848969,0.26655498147010803,0.045784469693899155,0.23680171370506287,0.02881549298763275
45.26919536316197,27.285731975404175,10.570321522192195,89.7998996249787,107.65794175013286,71.62033348127297,3.973606532345819,89.8337412903345,5.278917869881395,53.770649194925575
55,8,59,31,34,81,12,79,36,85
5.9225920267635956e-05,0.26914599537849426,0.13453447818756104,0.01595521718263626,0.4209287166595459,0.042525988072156906,0.010215647518634796,0.005274780094623566,0.013178877532482147,0.08818113803863525
75843.62185444469,27.915796370723847,29.211243604641133,116.43747483896668,18.81411320559358,71.86631741034878,134.28832233528348,152.15704264016173,125.36567995642787,98.92682941510357
76,81,79,10,63,90,19,80,0,17
0.13740995526313782,0.10134576261043549,0.016625508666038513,0.08824733644723892,0.09105324745178223,0.20380955934524536,0.06379536539316177,0.20394796133041382,0.04661114513874054,0.047154154628515244
27.11398781000201,18.606509048047624,62.67401556117575,27.2744523676118,27.269363103352816,3.6213294552298647,54.217545465726545,4.084974361418596,134.45455493864833,125.41759931823763
60,37,76,38,57,8,82,79,19,99
5.24440074514132e-05,0.1750241219997406,0.02552461251616478,0.18003162741661072,0.1316886693239212,0.07286632806062698,0.027378050610423088,0.0070482357405126095,0.2578946352005005,0.12249131500720978
156384.77593423217,19.615589777131035,71.69441648739983,18.855736205245258,27.941434374112088,72.02167100081752,71.7145253385341,107.40177198258881,10.970351751594428,27.515098172483526
36,20,35,30,6,45,65,50,99,89
0.04240738973021507,0.11438333988189697,0.018002258613705635,0.07019415497779846,0.0349060595035553,0.3623617887496948,0.03986792638897896,0.11540341377258301,0.11042283475399017,0.09205084294080734
27.10725293387535,27.491836723394478,44.856381605108595,18.337260617472964,187.99563658500162,9.647596117160157,125.63621296351025,27.35085956680281,27.31775214982981,36.314382481325495
61,28,93,57,72,82,55,87,88,96
3.2014337193686515e-05,0.06487970054149628,0.05375128611922264,0.13792404532432556,0.11264421790838242,0.02314208447933197,0.36123979091644287,0.19875185191631317,0.03715059533715248,0.010484334081411362
8804.257152082735,71.9616529284,98.63938622895522,19.148086874594842,27.777712619281218,80.621993039857,4.720019845435885,10.697590308827841,62.76336308782179,107.39416574440857
15,18,21,86,93,71,34,3,52,47
0.03986185044050217,0.027553558349609375,0.02260076440870762,0.06807661056518555,0.024247966706752777,0.36909469962120056,0.029727885499596596,0.37240737676620483,0.0436282604932785,0.0028010632377117872
63.06372915984968,27.15607918530858,170.26540059749368,36.38483141408312,143.33333636143408,9.727315482902066,98.72352295362539,9.638273920039564,18.68502658563427,80.56034835179463
65,12,41,56,19,23,37,45,96,9
4.133729453315027e-05,0.01743052899837494,0.3066743016242981,0.0065726423636078835,0.07624071091413498,0.31335580348968506,0.06770002841949463,0.1412486881017685,0.013909611850976944,0.05682636424899101
107232.59206043655,49.36361369897746,6.688976374434592,76.11239183868977,49.76811218274584,6.4129457790997915,59.02581119068801,6.5096428576595,58.25896021482447,76.37216455968267
30,17,54,91,69,28,65,60,9,11
0.014593510888516903,0.05295482277870178,0.2429034262895584,0.37385523319244385,0.02270905114710331,0.05313951522111893,0.056290559470653534,0.03344062343239784,0.11194726824760437,0.03816601261496544
71.74214964131093,80.90001545117282,19.165338796422063,10.915097732980122,54.061601329235984,80.97410489818644,72.33301418720396,170.21535073253528,36.383593406103046,36.41523494277498
69,3,66,36,78,83,8,10,93,58
5.565831088460982e-05,0.04861835017800331,0.4172417223453522,0.014182576909661293,0.014458767138421535,0.08701825141906738,0.19829697906970978,0.061801470816135406,0.10819961875677109,0.05012663081288338
44542.7988343795,67.45713337928021,14.332716876827263,120.86235553047524,120.8801785989953,94.28252402188595,31.987893675527857,58.49553226462577,67.60747375706698,67.2846572232946
22,18,31,35,88,66,36,14,27,48
0.03338059037923813,0.12056992948055267,0.2917200028896332,0.037918347865343094,0.08382967114448547,0.03404729813337326,0.23709456622600555,0.0419241338968277,0.031938739120960236,0.0875767171382904
138.88241851247767,13.841231209559515,5.238384476227033,22.506894559987057,22.680290316652833,129.87083426909214,5.12537568739011,76.1933158926605,156.70096795927904,22.697603692436484
72,77,92,31,46,66,54,0,25,36
4.529247962636873e-05,0.22891244292259216,0.07751838862895966,0.015214561484754086,0.06275995075702667,0.16675305366516113,0.3196743428707123,0.08543519675731659,0.031311627477407455,0.012375145219266415
89276.64796574746,19.370956294254196,72.07765926307367,98.51349249277989,98.8649301525192,27.472483792381354,10.907438109644383,63.20687566127102,71.79564233163806,107.42150568118332
7,99,12,11,10,15,85,26,14,29
0.13064709305763245,0.24402260780334473,0.012807687744498253,0.27648621797561646,0.12953554093837738,0.04332958161830902,0.025109997019171715,0.03386073559522629,0.07045120000839233,0.03374933451414108
19.113438122057033,10.131077955457197,53.76275057704335,4.140040633513584,18.777548934675703,63.206047135786385,179.1646414614223,98.68742578369597,36.14865277788717,98.61049283354687
74,81,71,96,73,8,10,55,33,35
3.3064381568692625e-05,0.29021212458610535,0.31348562240600586,0.011015440337359905,0.09622034430503845,0.03492454066872597,0.14355184137821198,0.062181998044252396,0.03877328708767891,0.009601760655641556
111700.14717984931,9.946803698102912,9.859755325840963,62.72633821497454,27.58653045596086,107.55877299615081,18.55533633733964,45.41941051535676,27.207213802779517,62.703609750805015
50,33,10,20,28,37,46,27,93,60
0.03390362486243248,0.015200573019683361,0.04025937616825104,0.033785101026296616,0.24030351638793945,0.09784794598817825,0.10019917786121368,0.24276675283908844,0.12486102432012558,0.07087288051843643
80.68550297683593,116.41661866573217,71.85426671069193,80.77511763474102,27.70058681265841,36.93181203562012,72.23457610019595,27.574204085649168,54.20197867409916,116.57573232533218
78,51,85,6,92,32,29,40,95,74
3.5083787224721164e-05,0.06012949347496033,0.057970739901065826,0.06336715817451477,0.09831555932760239,0.021521566435694695,0.38802868127822876,0.14957013726234436,0.014615688472986221,0.14644595980644226
31113.008983381857,45.714202717297006,89.95660303550541,80.95675446650515,45.686909516533014,89.59698448556318,10.095560862136079,27.518611644056577,107.51594631001254,27.707783246615133
6,5,30,19,88,49,14,57,85,92
0.048261310905218124,0.05829467251896858,0.027396759018301964,0.19555731117725372,0.04749017953872681,0.02170584350824356,0.3873694837093353,0.11137925088405609,0.046176984906196594,0.056368160992860794
134.45736574514987,89.88515350330387,71.67021097098151,10.340609255168015,53.80388378320147,80.63183110595963,3.419424215780818,27.85280392569907,143.3775473836472,98.70587423945446
81,75,66,1,61,65,79,49,94,10
3.703529364429414e-05,0.11459793150424957,0.06176425889134407,0.47236305475234985,0.0020274955313652754,0.05053550377488136,0.0055516911670565605,0.017028843984007835,0.046720609068870544,0.22937358915805817
58016.13237712421,10.971843750511786,71.96823775870679,9.995607555829523,107.45375095244465,89.97771805338114,89.58646312362153,62.848291264311634,107.70553117325265,5.581064854676872
42,6,82,30,19,31,93,7,5,16
0.09394852817058563,0.056542471051216125,0.02988448739051819,0.029033351689577103,0.289789617061615,0.02748602069914341,0.06243474408984184,0.2521110773086548,0.06934543699026108,0.08942434191703796
58.63804783838626,138.90606369503817,67.18102803131067,67.2140027670481,14.384988780728321,67.19971182625153,112.03370813202828,14.167319308936577,94.26818769307863,31.78677089153501
84,82,36,58,27,49,61,52,90,85
0.00014286630903370678,0.06314568966627121,0.04640083760023117,0.22689834237098694,0.225144162774086,0.050033681094646454,0.006450013257563114,0.10310979187488556,0.12805627286434174,0.15061837434768677
84833.71707051389,71.68302146538083,80.59218384965288,27.074670464508312,80.75572916498712,80.5971275707531,125.24881876314244,53.868392503744715,44.88344687867608,143.36021883266642
46,75,54,3,89,69,41,1,93,71
0.03111732192337513,0.11660406738519669,0.04989566653966904,0.11742086708545685,0.09051480889320374,0.16487614810466766,0.2042367309331894,0.0702911913394928,0.03183424845337868,0.12320894747972488
165.74071429494927,14.26075740134991,58.54104921642057,14.229884355280209,23.1619966405944,13.992636787873247,6.246728269638998,32.380856959953014,147.7460342107361,14.16704142953676
85,15,81,53,39,54,28,61,0,51
3.3884734875755385e-05,0.08663371950387955,0.08099856972694397,0.08537470549345016,0.3719903230667114,0.11825747787952423,0.04515613615512848,0.0017143680015578866,0.04282190278172493,0.16701893508434296
142968.1716746773,28.17932795376393,27.522529390000432,27.443591160793467,4.179042416998335,19.08671377744911,80.86504660060953,125.28678430031039,89.83108062844953,12.12581545260462
23,74,72,38,79,44,28,77,55,70
0.028894826769828796,0.039321158081293106,0.08143982291221619,0.19622020423412323,0.003088642843067646,0.032302044332027435,0.040030937641859055,0.066692054271698,0.46439921855926514,0.047611065208911896
40.72923526741879,76.46553489869635,32.18909280039591,14.508817425312605,111.88999986733623,103.29652874885245,76.50895768123331,41.07539246569578,5.919844870725671,58.78365890864144
95,76,60,48,18,10,90,78,15,89
4.6040990127949044e-05,0.286093145608902,0.03105723299086094,0.09566176682710648,0.13212361931800842,0.050595108419656754,0.07377684116363525,0.23961615562438965,0.03841308876872063,0.052617013454437256
44654.526668636856,3.1151165117789748,241.66918730725686,18.278395209791054,9.718008129593015,53.968232029216736,27.070094921564277,9.544037192669494,98.65723490955948,54.00477635488018
61,28,35,75,74,90,55,80,23,88
0.003951210528612137,0.03550991415977478,0.020951230078935623,0.07626549899578094,0.03488821163773537,0.15031275153160095,0.04953044280409813,0.15400879085063934,0.09648270159959793,0.3780991733074188
67.12873883907696,138.92659791909898,40.36201537530367,31.741550072051655,138.8107693498599,14.067073908932697,67.46413977996014,13.829177109516213,23.115613857388823,5.01076607335103
36,56,25,90,31,70,30,21,46,64
0.03680700063705444,0.007855153642594814,0.32780253887176514,0.3452487587928772,0.057716432958841324,0.03585073724389076,0.0611523874104023,0.03008388727903366,0.03090325929224491,0.06657981127500534
18.212460722975834,53.735763012750645,18.171357741993305,18.105700932303062,9.743438860591167,125.48495381045689,9.614376397900584,197.03307146263543,188.03559960483545,53.93538841101336
94,50,2,53,86,67,12,69,24,81
0.04685203358530998,0.08790156990289688,0.1926533579826355,0.08856261521577835,0.06575560569763184,0.13536971807479858,0.06619293242692947,0.18872135877609253,0.0438440702855587,0.08414675295352936
156.6777021268502,40.58885260825548,13.958016250576842,40.51609651914209,67.35068119783571,13.74699285742414,22.50599963412534,13.933687928964027,31.394341453404763,40.61653908287008
39,80,90,83,43,57,67,2,23,36
0.05132954195141792,0.14433638751506805,0.14401566982269287,0.030054960399866104,0.056622203439474106,0.04002734646201134,0.05588860064744949,0.33214014768600464,0.09199564903974533,0.05358947813510895
62.94603731198057,18.332073283965233,18.28957476055348,197.0473650229812,53.966813804295505,89.89640576536556,18.19485628990117,9.346267412104911,27.402713212495037,18.16642457759902
4,42,28,74,13,49,24,34,87,86
0.15655222535133362,0.04868301376700401,0.03749226778745651,0.03687836229801178,0.035163406282663345,0.010485104285180569,0.00608623493462801,0.04340863600373268,0.11487022787332535,0.5103805661201477
6.536818179576498,63.02590070880582,89.89784784339946,89.74236943102044,98.77731524906162,71.66884838006678,89.52281264781061,72.06342489107251,27.679980770391058,9.441048668626749
84,89,29,52,37,30,66,62,88,42
0.027345281094312668,0.04579150304198265,0.02295306697487831,0.2924794554710388,0.029009247198700905,0.04979625716805458,0.0242250207811594,0.1087363064289093,0.37595731019973755,0.023706648498773575
85.29906888321672,40.76668651598003,121.01194817687426,6.004027921973864,76.73410615153473,13.746638771519692,111.9794336237128,5.900995732998723,5.339753558297844,111.97942490280302
43,80,99,44,67,39,70,50,86,91
0.09272290766239166,0.18921859562397003,0.19931553304195404,0.032685041427612305,0.02543717250227928,0.07480069249868393,0.03847624361515045,0.21241578459739685,0.07428216934204102,0.06064583361148834
27.320627500328737,9.950335196978369,10.10356036592404,143.31665661220262,44.8464121596561,36.271838114911894,98.6437026785035,9.945815344097573,36.1273940193977,45.47094603803345
33,37,28,92,97,43,56,44,24,64
0.019254082813858986,0.10316039621829987,0.04041934385895729,0.036282315850257874,0.08268547803163528,0.33790192008018494,0.003628868842497468,0.03406064584851265,0.00724431686103344,0.33536267280578613
53.937610895743475,28.16403866157105,89.83044738474673,107.62355726384907,36.44066573404807,3.873994142975956,107.38326237855925,116.59815138435944,89.52138907301708,4.075248785557094
71,40,7,67,97,72,34,58,26,38
0.07780086994171143,0.062326058745384216,0.11577802151441574,0.01513456180691719,0.15829306840896606,0.11685232818126678,0.07377155125141144,0.07661116868257523,0.07465895265340805,0.22877338528633118
31.735472231462165,76.33273559513965,23.206930979942445,85.06148970744634,23.04752117738207,32.16475417491657,58.532768266480446,31.676706857314237,58.6030076019994,14.51071980915774
62,58,59,51,15,43,3,13,79,53
0.021270139142870903,0.2811402380466461,0.032045334577560425,0.03782473877072334,0.028547823429107666,0.06780291348695755,0.22231175005435944,0.01899593509733677,0.00329202925786376,0.28676915168762207
27.06932154571504,9.706258614874638,54.534585320636204,45.99150205982351,63.264405551349526,27.447930996991833,10.160501288715448,125.51295921014491,71.63304724099939,9.69449249906632
51,3,17,5,55,92,4,75,35,60
0.2109764814376831,0.07108820229768753,0.04844585061073303,0.04511600360274315,0.25098687410354614,0.04324870556592941,0.22015638649463654,0.07054711878299713,0.006853186059743166,0.03258110210299492
15.617559263490337,23.02540976028236,85.3565934587071,94.30020836071891,14.449735666781027,103.18482166421087,7.2147107734260185,23.061512830329182,93.99371966220669,174.64272682035744
54,15,1,87,63,69,60,22,43,45
0.06990894675254822,0.06124092638492584,0.11191888153553009,0.07004593312740326,0.1636825054883957,0.10657640546560287,0.03616752102971077,0.04983360320329666,0.11586816608905792,0.21475714445114136
45.13064125705991,54.101234768862945,19.175465739536158,45.08900838073302,9.911752418141564,27.162930034633714,196.97370541521525,89.74299241444983,18.612511051090156,18.397933246805366
12,11,52,2,65,23,68,97,82,9
0.042044248431921005,0.08722210675477982,0.22303584218025208,0.21464680135250092,0.036836251616477966,0.08763399720191956,0.04357065260410309,0.045426830649375916,0.1761934757232666,0.04338986799120903
26.987761938211804,27.352565543233325,9.748576524944312,9.574823554183649,134.54636602069564,27.406007250207708,89.68499016523054,89.71534574262505,9.386785804613805,98.7246654606259
80,34,72,81,41,77,71,35,7,4
0.37368860840797424,0.03679574653506279,0.04212776571512222,0.09670133143663406,0.14650610089302063,0.04114442318677902,0.10256203263998032,0.015901943668723106,0.0807013288140297,0.0638708770275116
5.320882130963937,112.15521384308221,85.19136317359289,23.140675113889017,14.181131555256794,94.18585661306851,23.058607977401167,49.28382602652213,31.92405366861669,40.79551354966928
24,6,1,16,62,2,87,17,43,18
0.013869589194655418,0.020716644823551178,0.04057963937520981,0.07635901123285294,0.11880964040756226,0.5237309336662292,0.03141498193144798,0.02333838678896427,0.04185987263917923,0.10932134091854095
40.36136966373679,192.56609052154016,49.978589165761775,22.857308305414048,5.6323330023026985,4.916430365277342,76.19163365529381,138.8275332359363,49.475708212465236,5.836254841501626
18,14,2,45,63,95,90,4,23,8
0.39335933327674866,0.034261927008628845,0.13234902918338776,0.07681846618652344,0.041900333017110825,0.12832684814929962,0.0784531682729721,0.03535067290067673,0.055259086191654205,0.023921029642224312
2.2575622208681887,62.84406661717855,9.747092571563728,18.550039713937863,45.060683638410744,9.917512959076838,18.353245319820996,54.191978260739845,27.551926295236147,134.41850313247429
57,53,36,10,37,13,40,62,39,80
0.054140880703926086,0.3488342761993408,0.02281061001121998,0.16321195662021637,0.062272194772958755,0.03746059536933899,0.038658130913972855,0.04973225295543671,0.0874691978096962,0.13540993630886078
67.57205355674046,13.923330451417685,40.36779607510097,23.04332732228641,58.74757516604941,129.93018708377588,121.036478392105,22.65447999551496,40.712932179833075,6.464798904678295
