83,85,64,95,54,55,27,92,15,78
0.03662323206663132,0.03486601635813713,0.15348586440086365,0.024886522442102432,0.17853333055973053,0.34775683283805847,0.05044299736618996,0.044306132942438126,0.11726467311382294,0.011834516189992428
130.08908456083086,139.09293206342298,14.979882037076479,58.702145570083296,15.649225360845541,7.4125002470225505,76.7487148711625,94.42634675204532,24.031942092195884,85.73694780402437
64,47,43,23,24,98,84,28,6,17
0.35618826746940613,0.0033046426251530647,0.3448680639266968,0.07822190225124359,0.00941961444914341,0.012618745677173138,0.07398674637079239,0.04357428476214409,0.03442767262458801,0.04339001700282097
6.932439659673192,105.61195370612647,7.131065330153688,23.82353311287956,86.26857816218487,76.98947586866176,41.901286059469584,94.5012400712287,147.97285831149915,94.48148483466218
75,58,7,84,94,13,3,69,93,10
0.17622151970863342,0.19314098358154297,0.11713961511850357,0.04716628044843674,0.03326556086540222,0.03288660943508148,0.1801326870918274,0.0778803750872612,0.030538227409124374,0.11162801831960678
11.119205980562802,10.539875426162467,19.121430905480032,63.46758638458197,125.7077580330168,125.85390758608769,10.943342468586351,18.99725161300066,143.53473692150274,19.381586739506538
20,64,31,75,6,23,40,51,12,63
0.15331034362316132,0.09548647701740265,0.060802116990089417,0.15164878964424133,0.04026293754577637,0.2368071973323822,0.04618995636701584,0.07110070437192917,0.02715170942246914,0.11723975837230682
19.42665901709314,36.77759911787337,27.828511016413096,18.887000304907556,179.18480770561996,11.283502496515307,125.59965929118796,54.40006381760388,45.86826468352738,27.911738113412405
61,96,54,1,51,20,46,92,90,82
0.0028102619107812643,0.014664793387055397,0.07271827012300491,0.1253662109375,0.08192766457796097,0.4345332086086273,0.03918416053056717,0.04253977909684181,0.14696650207042694,0.039289072155952454
97.72245256017166,68.51623253721522,50.200177901359325,23.899870216942993,41.36255654555669,6.084667460148166,156.99544056874709,130.25495581982668,14.856872283651576,41.10835499732308
41,84,93,94,55,85,52,32,43,95
0.12282970547676086,0.08659794926643372,0.046339377760887146,0.05156039819121361,0.12683328986167908,0.04117743298411369,0.05769500881433487,0.12789298593997955,0.2841199040412903,0.054953958839178085
19.59304754771527,45.98896989020846,125.78366845501048,107.85648559254561,28.276108821372947,161.54023661885296,36.891754999106,19.23429884225378,11.07764600571042,36.471805918450556
54,60,32,23,69,52,79,83,9,90
0.17578460276126862,0.06045941263437271,0.1555362194776535,0.14990867674350739,0.0719882920384407,0.0774480476975441,0.010274399071931839,0.06583341956138611,0.12706512212753296,0.10570187121629715
32.22285111204567,183.87826093301513,23.44771261873493,23.640442983023686,40.857165630993514,40.92616732452478,95.62494383168286,148.0990681414809,50.13860184061029,31.92081859332509
64,23,12,0,58,28,45,16,11,62
0.06481362879276276,0.10206248611211777,0.034839045256376266,0.03796708583831787,0.08471263200044632,0.038501907140016556,0.150538831949234,0.1028951033949852,0.1023600772023201,0.28130918741226196
49.879794471152096,23.7744426032189,32.89558491402665,148.0458781298892,32.16216956872138,139.29236619876195,15.09869670169726,23.34840226190207,23.608759712366297,6.756818929850144
37,84,60,12,87,98,51,76,36,92
0.19435769319534302,0.13542170822620392,0.03854316473007202,0.010215042158961296,0.20336318016052246,0.011271309107542038,0.32370105385780334,0.01742338389158249,0.013646547682583332,0.05205679312348366
16.75703214237841,25.296733853451194,166.12757475431343,95.13708756151567,16.044229410080163,95.14959438957162,9.154277914624593,76.90002133452239,85.96170113777414,94.72275024545318
71,14,55,43,88,30,56,96,98,5
0.19902236759662628,0.10397318750619888,0.0921015590429306,0.11969614028930664,0.27181705832481384,0.08107045292854309,0.01156044565141201,0.026156723499298096,0.037940867245197296,0.056661125272512436
19.321058037576677,45.76104236189201,54.61637785929006,37.12482244275722,10.36887151038751,28.14690878446679,75.54574230019519,55.826161454414674,46.159547846809275,134.93810068184968
24,78,29,5,92,11,87,10,26,13
0.010843799449503422,0.017417194321751595,0.09914728254079819,0.07546159625053406,0.07164820283651352,0.058480154722929,0.37641966342926025,0.11438871920108795,0.09972009062767029,0.07647321373224258
109.03662837838026,90.51246784801252,55.03199531011482,81.75390018410437,90.70655274530887,46.13235671345547,11.455290419228453,28.511319238278528,54.94544968790637,81.51864242306786
36,80,93,31,33,86,62,98,21,13
0.0470760278403759,0.2602193057537079,0.07252629101276398,0.06481247395277023,0.09091772139072418,0.17938005924224854,0.10231202840805054,0.03629603609442711,0.0679624155163765,0.07849763333797455
50.108476079401974,14.737112331063994,139.34861717783568,41.02863930432086,32.68585679426195,32.74825369568868,32.07369139477868,59.45504678234325,166.35687354299492,121.59049725795803
35,75,70,14,55,6,16,50,46,23
0.008813181892037392,0.22952838242053986,0.03759503364562988,0.0847092717885971,0.06787703931331635,0.02903798222541809,0.1380603164434433,0.23819983005523682,0.029964830726385117,0.13621406257152557
65.34948862892884,11.57127715319509,99.46408153512,37.168398783967845,46.428240791233414,170.76796894836573,9.301630217710832,11.55665300325727,161.6073801300547,9.809189936705042
69,64,65,61,33,70,82,60,83,98
0.026056921109557152,0.07344473153352737,0.26130810379981995,0.00216810405254364,0.020934879779815674,0.3983376920223236,0.018818983808159828,0.08370573818683624,0.10302844643592834,0.01219654269516468
103.64105254886935,59.41120606628012,25.90751985352781,179.44443342578225,112.5977873616973,16.102788723929155,121.61227290810332,121.7754280748481,86.791093135507,139.97831165710994
69,62,83,78,25,41,18,65,38,94
0.07607225328683853,0.06139349937438965,0.07976146042346954,0.03363824635744095,0.10979612916707993,0.1459868997335434,0.05711273103952408,0.10610675066709518,0.2316157966852188,0.09851616621017456
45.57984709208117,54.39538051962685,144.15581305483315,72.72494400457624,36.88773945724548,28.78823353623349,54.55677903498221,81.84798874571537,29.00542951597597,99.33350647094112
23,21,70,65,79,5,63,95,58,32
0.08610576391220093,0.08594844490289688,0.14386345446109772,0.12827956676483154,0.009197375737130642,0.11093941330909729,0.17282092571258545,0.05258003994822502,0.12095806002616882,0.08930695056915283
46.2602237433116,126.46261876662408,55.01019969344321,64.17010018546411,119.38529078680506,81.86744955643238,28.54001097691625,63.49299450776046,36.9663427734862,45.85510521008675
35,28,27,80,54,62,32,22,4,42
0.0118320994079113,0.06391230970621109,0.06407202780246735,0.07766749709844589,0.1310560703277588,0.043100662529468536,0.1168268695473671,0.07237838208675385,0.342509925365448,0.0766441598534584
87.8572367137093,94.95315971078846,95.08324375087074,33.64898257481662,33.202571686566124,50.55392628560738,24.086937165031745,77.98259208290496,9.856944127577252,68.75318174455637
76,89,2,23,1,7,78,50,72,28
0.06797243654727936,0.09565825760364532,0.24133345484733582,0.1608748584985733,0.0782986655831337,0.09641202539205551,0.04454942047595978,0.11923756450414658,0.052039388567209244,0.043623968958854675
24.73682646371789,33.82712541825717,8.905813534398341,16.07909583894713,42.79960458162844,33.377304169057005,33.69734752868169,24.50968648198733,86.09965100012747,130.8401487741817
6,86,35,16,89,92,20,59,10,14
0.03128744661808014,0.08777754753828049,0.009366312064230442,0.14177347719669342,0.16572101414203644,0.03504987806081772,0.22108662128448486,0.057164739817380905,0.1619415134191513,0.08883147686719894
170.81210551546104,37.850239431211,66.49281857370012,10.254595586948101,20.70097571390809,135.58602550594955,12.795293204856314,57.59177246672805,20.589452083758204,37.82246285329741
75,13,54,6,63,49,70,51,58,9
0.16735966503620148,0.04137707129120827,0.08152148127555847,0.034932225942611694,0.2754972577095032,0.018703030422329903,0.047462426126003265,0.09296262264251709,0.1773548424243927,0.06282944232225418
12.928179788415752,108.77248330804993,37.90111001837545,153.22656070750267,8.520746381420137,64.41172344525103,81.74942958994423,30.79094271568041,12.645030834662695,55.50115910599863
16,25,46,76,98,73,93,64,21,10
0.12845154106616974,0.08859679847955704,0.04118867218494415,0.0294854324311018,0.017217017710208893,0.17949962615966797,0.04283713921904564,0.1770235151052475,0.03972858563065529,0.25597164034843445
17.86433914358741,25.122858516091103,148.78838790376082,50.88091181867715,69.75156108244101,16.798704478856955,130.89786840558176,17.366125241636464,157.89662361811287,10.60654920831457
21,48,18,74,1,99,7,76,53,8
0.036221325397491455,0.07834452390670776,0.04911843314766884,0.04242531955242157,0.10718702524900436,0.1943604201078415,0.15929420292377472,0.03417021036148071,0.25397220253944397,0.04490634426474571
166.4861105317798,24.809907177186798,33.336222205545425,113.18416098056741,26.85325246536721,12.153761895917505,17.53072950709072,42.12715012131428,9.810415641853202,104.25615895326041
52,94,1,86,21,75,2,4,62,81
0.15295244753360748,0.04323451220989227,0.08515814691781998,0.07515129446983337,0.038127534091472626,0.13366980850696564,0.16269542276859283,0.08324895054101944,0.0988759845495224,0.12688590586185455
17.33871601353592,130.90098685409137,34.304159960928935,42.80202597698356,175.50950383811127,16.886963171230178,16.133414032369085,34.04836826980021,24.104978485635883,18.19326869022622
84,82,13,67,2,10,50,70,14,69
0.06515868008136749,0.06918306648731232,0.048562124371528625,0.044231269508600235,0.18177931010723114,0.11784635484218597,0.15495717525482178,0.05232859030365944,0.08722203224897385,0.17873136699199677
73.2422304166541,28.940943074391274,135.82561487528778,38.56785726816843,13.23242576683522,29.325419427680398,20.999460849198755,108.66340392037468,46.580656590041485,13.117881951911935
44,26,53,87,15,94,31,2,81,48
0.06865604221820831,0.09374616295099258,0.14692822098731995,0.19870102405548096,0.14325951039791107,0.07755227386951447,0.029761705547571182,0.052836302667856216,0.13315004110336304,0.05540875345468521
113.55147081142323,68.71315418894515,24.63146825740652,25.37989436711543,35.90644888162936,95.47050428011785,68.84710471853555,51.000248927088585,25.871114687916183,50.724771477122005
80,56,73,74,45,54,42,79,7,50
0.18067841231822968,0.007461402099579573,0.11501443386077881,0.04710927605628967,0.1567169576883316,0.07298805564641953,0.05377766489982605,0.009082600474357605,0.1509622037410736,0.20620892941951752
13.440099562321597,89.19052749766928,29.19533340579931,117.90051420583373,15.19310967725301,55.40440590205237,91.30888510982926,77.60357242501792,21.13591344508685,14.131765720113112
17,84,50,25,13,95,98,42,15,54
6.21932849753648e-05,0.17042981088161469,0.12046847492456436,0.06477952003479004,0.07970763742923737,0.04743648320436478,0.017801860347390175,0.1081552729010582,0.1589968204498291,0.23216192424297333
112029.8565918925,27.332461955749615,33.562596383125104,51.243475670841505,86.93392223946587,60.064983526958116,96.95136606986257,51.838374212697154,28.66872747539719,18.04151029570418
20,92,67,48,91,85,76,6,83,17
0.034135427325963974,0.18586546182632446,0.011496828868985176,0.02083086222410202,0.06776732951402664,0.10036677867174149,0.013418651185929775,0.11356024444103241,0.11308786273002625,0.3394705653190613
99.63210647489593,33.50527411549841,153.7025841519914,126.45187294727982,65.42361958803563,75.5096324308611,144.3395113309242,65.04685435683074,65.2410082705368,16.09926047196394
11,58,53,87,95,62,65,60,57,69
0.18119141459465027,0.1910807490348816,0.19131901860237122,0.06450735777616501,0.0882425606250763,0.06226764991879463,0.04280490800738335,0.03413349762558937,0.05540451407432556,0.08904832601547241
13.008730377713233,16.79644439855036,16.92132854900233,59.94657655792885,17.803477361244454,24.752991158424926,113.68652933890189,211.3676539971289,70.32199588655565,17.196087165932816
48,91,66,43,23,0,13,89,99,69
0.06704837083816528,0.07834019511938095,0.0527217872440815,0.1373147815465927,0.1429320126771927,0.04383137822151184,0.04343787953257561,0.19167931377887726,0.1801012009382248,0.06259308010339737
29.316936881023867,40.95318163387919,82.83304285296569,21.47224657661315,15.536759134369499,117.75660560691489,117.95694891304623,14.640750066168058,13.287465801894786,29.36346598693051
29,31,94,0,60,21,98,67,96,30
0.3929317593574524,0.011076929047703743,0.19928023219108582,0.19651158154010773,0.07119286805391312,0.09353027492761612,0.007927807979285717,0.009619318880140781,0.006225943099707365,0.011703350581228733
12.569530740140769,140.12838003282917,28.07258244718334,28.37437189558123,105.55205043750927,70.30087403884109,158.76452320378442,149.43620607971818,168.55734372907042,140.1264495910747
26,45,19,17,84,8,90,80,58,48
0.03976993262767792,0.15362954139709473,0.05183786526322365,0.037707339972257614,0.04588622227311134,0.03869161382317543,0.15879923105239868,0.1664523035287857,0.09004252403974533,0.21718347072601318
118.2530638477287,14.17720363919993,65.0041727927427,135.7644300571766,84.35350131200097,127.18067779614756,13.906979659579326,13.363825327823546,29.014634221775697,9.207977518195076
12,79,69,47,77,55,36,82,45,59
0.08841720223426819,0.024925267323851585,0.12435883283615112,0.01311758253723383,0.056753434240818024,0.06401225924491882,0.18402743339538574,0.28984805941581726,0.1010352298617363,0.05350470170378685
22.822692767852377,44.368990295077566,21.034231714246037,56.37746841879741,118.93229839518995,83.06339940257983,13.416966847601898,7.689259645616415,30.684255890770963,102.43726643506015
54,11,49,71,13,24,48,30,76,55
0.06210814788937569,0.11645437031984329,0.0740974023938179,0.10218720883131027,0.04756294935941696,0.02949673682451248,0.2625637650489807,0.12407763302326202,0.1154211014509201,0.06603067368268967
82.75492397075989,30.110028737389246,22.170630690947316,38.518818009127855,153.579313283886,42.0693324804609,12.620576291233755,14.095710567278415,14.725589013746031,74.19570036818172
58,11,1,66,48,71,33,12,41,6
0.15654189884662628,0.1746399849653244,0.08384168893098831,0.047408752143383026,0.10763974487781525,0.14392676949501038,0.060533564537763596,0.020691758021712303,0.16845044493675232,0.03632534667849541
13.655382351405834,12.550519858000094,32.465715841147336,92.36427436886785,22.29135916904834,15.814721234180631,31.37613314219952,57.4720975099004,13.134672542653448,171.6507116119097
11,60,43,76,42,51,33,91,70,10
0.1387012004852295,0.042796529829502106,0.17748087644577026,0.0334596149623394,0.06551873683929443,0.10802710801362991,0.04329945892095566,0.10367552191019058,0.06035798415541649,0.22668296098709106
17.32019797267052,198.928614708895,22.867346311799057,47.98431140096729,82.65594576976147,40.22490634942874,40.722680043458276,40.823073321709714,92.14791523007995,15.793203045967967
32,58,94,51,24,77,25,46,0,83
0.04198521375656128,0.051915768533945084,0.12109652906656265,0.13129539787769318,0.009467028081417084,0.3222196698188782,0.0350513756275177,0.08636914193630219,0.12010756134986877,0.08049231022596359
73.2085260147341,64.68002674222545,57.38416278618932,33.37151967164984,137.8280249191905,17.489414174131074,82.32421198472689,92.1932148652356,57.68668531047156,101.46958249581498
77,3,38,41,58,72,33,17,87,42
0.08298258483409882,0.14998994767665863,0.11834577471017838,0.09793718159198761,0.16250647604465485,0.09034701436758041,0.03702878952026367,0.06187198683619499,0.12536460161209106,0.07362562417984009
61.42423996973324,19.469478881319763,36.52649970451675,27.736030980491446,18.45284137297907,52.27514160370587,52.77074671619092,96.6902421637649,34.39011918926078,70.8937020629301
7,16,26,58,43,31,91,65,70,71
0.14347343146800995,0.11518965661525726,0.046860117465257645,0.20876048505306244,0.12497725337743759,0.028506336733698845,0.07335679233074188,0.04317718371748924,0.04538607969880104,0.17031267285346985
18.33602154992453,18.57429473893499,91.69123842071826,11.325068957390434,22.379190233732277,47.990218119490244,41.7182979259214,101.5181537798782,92.83949523236326,14.279418560767583
91,9,78,81,54,1,63,83,43,64
0.0794898271560669,0.06535881757736206,0.027981895953416824,0.18181276321411133,0.07845526188611984,0.11405172944068909,0.16143269836902618,0.04207384213805199,0.12365204840898514,0.12569113075733185
46.67775950516343,70.25201217647613,53.51774174645848,15.072573763574635,51.878160201180755,29.36206185317256,19.940013188976643,167.19361554235556,27.61357937003097,27.352649221484814
84,24,89,37,74,44,20,50,15,3
0.06693321466445923,0.011837491765618324,0.1835571974515915,0.07817995548248291,0.04568953067064285,0.041172269731760025,0.1603745073080063,0.19716958701610565,0.06372346729040146,0.15136271715164185
55.18936240487156,81.83791204360146,15.091012141700023,44.83739747034904,105.46692128044224,131.97014488370087,15.654889380747393,12.78405939764898,56.223617945163845,16.032232243300527
42,66,59,31,44,93,14,37,33,29
0.14468297362327576,0.1413211226463318,0.1165766716003418,0.015987204387784004,0.07182352989912033,0.07309971004724503,0.10936126112937927,0.18649695813655853,0.01948605291545391,0.1211644783616066
33.2018749764697,34.73997298007369,32.66957525681865,100.66763945187401,85.24957615363844,83.37684768848455,32.41875173209461,21.07942221731006,92.46787871336727,41.59247186475351
89,77,29,75,94,3,90,39,30,20
0.12629780173301697,0.05435846373438835,0.04861021786928177,0.1484340876340866,0.04416096955537796,0.15650534629821777,0.1498977690935135,0.08670137822628021,0.04177388176321983,0.14326006174087524
24.114193408249605,83.81273594765446,100.72360269879647,17.75048225714806,127.96223274002568,16.942238007740816,15.419358686873236,39.725183573659386,39.56683952553025,19.150596892215265
98,51,93,3,14,31,63,57,35,56
0.02937447279691696,0.11235466599464417,0.061327334493398666,0.2631356418132782,0.1381857693195343,0.05181621015071869,0.226014643907547,0.08966600149869919,0.018438415601849556,0.009686912409961224
63.11903205081055,46.40905662809119,141.18995543460235,14.659337611202586,36.45198642671103,44.125358255893374,19.589286429634583,63.97052849261916,73.05355083130799,95.43860510165685
28,80,26,1,93,55,13,98,61,75
0.0914735347032547,0.05302305892109871,0.1070372685790062,0.1533460170030594,0.07492941617965698,0.330842524766922,0.08553750813007355,0.01601792685687542,0.0025487449020147324,0.08524402976036072
75.76608417833636,56.38440323116291,59.2319040469851,26.551525766098877,101.90408423028245,14.074250732859857,84.30161739440412,102.06726010791854,146.17292306545696,39.91721016043315
96,53,15,74,95,89,38,49,11,16
0.02180778607726097,0.15508952736854553,0.06336439400911331,0.051271338015794754,0.13929694890975952,0.1206180527806282,0.071072518825531,0.04629535228013992,0.16818057000637054,0.1630035638809204
60.131248863163904,22.132860069883577,76.80302779269186,127.64591833956149,18.06182163113028,31.333998436328113,67.10953688862895,40.06800706835427,17.849362213964746,18.325144285542134
65,76,17,71,31,74,25,82,54,12
0.06564664095640182,0.05902434512972832,0.06581383943557739,0.27172428369522095,0.057485319674015045,0.06427477300167084,0.22500653564929962,0.06330220401287079,0.09887224435806274,0.02884993888437748
111.24932408502535,39.061056223318516,118.41095101515104,15.088585769787258,39.594084511708466,119.5564189187996,14.974088541100548,39.08188737635937,56.58687104452211,57.9734457329927
41,89,82,3,10,19,72,60,95,38
0.17498897016048431,0.12752754986286163,0.055512137711048126,0.14718805253505707,0.1259516328573227,0.07920873165130615,0.06242877617478371,0.04175645858049393,0.11376740038394928,0.07167025655508041
16.2712535665496,28.137079654165316,35.83435435651712,21.331354208377892,27.394022981613844,52.233178456232444,79.39358173248326,212.9768088167113,20.70066096775543,63.0436705350446
17,1,30,40,83,97,18,68,10,21
0.09770799428224564,0.0904795378446579,0.019426578655838966,0.09669874608516693,0.06550948321819305,0.25725826621055603,0.023301685228943825,0.21102046966552734,0.07376983761787415,0.06482736021280289
61.99799368288562,39.72219509547685,96.28832435061896,62.55958682965286,114.69039080144204,17.809736285048377,87.54427730172458,21.085511990890065,45.04547669525903,115.69107064992095
39,48,81,51,63,5,60,7,70,41
0.10895141959190369,0.0688459500670433,0.16284814476966858,0.0883437842130661,0.15495187044143677,0.047974321991205215,0.038978058844804764,0.15743593871593475,0.0529324933886528,0.11873805522918701
29.165589172805596,35.837150997276034,17.00405476402522,37.95108095823408,18.72538504720305,114.69993546341907,196.05881411900359,18.46936054801937,89.75369943629065,23.16667881514782
4,56,21,33,59,41,11,71,6,92
0.21141918003559113,0.008176788687705994,0.0688430517911911,0.04535966366529465,0.12111549079418182,0.1079687774181366,0.11358895897865295,0.1747635155916214,0.06937715411186218,0.0793873518705368
21.800763402048776,117.33808658104154,146.22107753543946,58.54393924451638,47.01731001882445,34.150752931395964,32.14114912066579,23.798772905275495,145.61550398223397,111.60995139323374
89,33,83,60,57,18,41,0,31,30
0.1823611557483673,0.04369305074214935,0.09775571525096893,0.086835116147995,0.251272976398468,0.04546058177947998,0.09342876076698303,0.1265033334493637,0.035261962562799454,0.0374273844063282
31.407659910827785,75.47759394350088,127.94872019680385,164.24895357353117,29.571308396373627,74.64973221339277,49.25413162793427,83.8791477411475,83.53200698777835,83.14910364820537
43,26,61,17,27,48,39,7,15,21
0.20349670946598053,0.07732896506786346,0.002394408453255892,0.06846058368682861,0.06856297701597214,0.04607469215989113,0.2335868924856186,0.1453126221895218,0.10272107273340225,0.052061066031455994
18.889641142183425,67.05611062875813,139.08893709377105,83.22851871879614,83.85209786526661,56.33844825652483,16.083217692906537,25.879862305453226,39.854866708980786,138.19735802693552
37,68,15,88,46,83,7,6,92,53
0.18251459300518036,0.23987026512622833,0.1542402058839798,0.026815367862582207,0.06877737492322922,0.06471677869558334,0.06444437801837921,0.06508222967386246,0.08140935003757477,0.05212942510843277
22.758739092448092,17.79966642945873,27.653074058462515,82.88613177030129,102.04395977500334,111.23924193068065,50.95731736815994,110.78391216829499,77.65209684568248,57.48736911202212
87,76,15,54,78,12,60,11,26,97
0.20164813101291656,0.02550637349486351,0.1254667341709137,0.21018382906913757,0.020290391519665718,0.014893297106027603,0.05723642557859421,0.06856871396303177,0.10004949569702148,0.17615661025047302
23.985995975353774,79.0958890712327,39.9715032158654,23.25220372410632,88.77384142795106,98.2553175246765,168.70963058795724,44.74636092920015,62.777646969159136,30.24460219467372
40,83,46,17,88,71,44,31,25,6
0.2506113648414612,0.09924205392599106,0.11169268935918808,0.2232961505651474,0.01667550578713417,0.028487250208854675,0.13879385590553284,0.011108798906207085,0.02046707645058632,0.0996251255273819
21.907965534421994,69.19856858729992,59.93006177777143,24.772179731946782,127.13587711578506,100.96653510414973,44.329036494858535,145.5776009234422,118.53251053903946,69.05938553497815
39,55,3,31,73,74,69,87,8,34
0.17814581096172333,0.13200914859771729,0.10948289185762405,0.02453858032822609,0.204492449760437,0.058069974184036255,0.04305160790681839,0.12002910673618317,0.0633726418018341,0.06680767238140106
22.275761809845793,31.486814615468905,22.5279435312257,61.97583718298003,16.848819571330974,98.54407425265357,44.33584319923892,36.86662543940064,88.51744123246984,79.64120591557803
33,30,88,34,73,19,26,23,32,22
0.08930113911628723,0.07855869084596634,0.19114373624324799,0.05657990276813507,0.09574148058891296,0.07532835006713867,0.057285599410533905,0.13800747692584991,0.1604902148246765,0.05756334960460663
26.12471614117618,28.024572217060133,14.111211748006275,114.40378736082123,44.448151633040375,62.39716344401703,114.50809793279906,23.584028936940303,20.83372720981834,115.84487118421558
68,82,5,39,20,22,96,74,52,98
0.14403820037841797,0.03632107749581337,0.08556263148784637,0.30674007534980774,0.13898780941963196,0.10297239571809769,0.016011465340852737,0.08839239180088043,0.05969235673546791,0.021281687542796135
44.59904242201773,66.1610362286123,101.5251902623802,18.29672071748574,26.8429848825041,77.02383014467827,95.10650896166361,93.93032137407761,50.572165717047355,85.39793398499901
50,97,52,73,41,60,11,53,69,10
0.11067040264606476,0.059767913073301315,0.12609952688217163,0.08157569169998169,0.12170498073101044,0.039598800241947174,0.11529136449098587,0.11606867611408234,0.13622520864009857,0.0929974839091301
28.879485075103485,80.09652684905413,19.811150634254563,45.383234122890855,23.360088304326624,221.94270093877833,24.386022647941946,27.658524138491757,17.003039817547606,36.553175560472
83,17,50,24,37,5,54,52,11,68
0.0629698783159256,0.08312653750181198,0.10685864835977554,0.013275026343762875,0.1824435144662857,0.07730555534362793,0.19917860627174377,0.04868205264210701,0.07519884407520294,0.15096129477024078
137.0519404277079,83.66697435461766,33.19343424758031,103.78428462139631,27.471948361507668,93.06907926709601,25.279125374258896,57.656525236470415,41.69445834215037,34.09440163217783
82,77,23,80,3,29,92,32,68,59
0.045148834586143494,0.07789963483810425,0.12621013820171356,0.11463236808776855,0.20639099180698395,0.06831713765859604,0.05870872735977173,0.14476877450942993,0.08863958716392517,0.06928379088640213
52.85464756794099,71.66914133929959,26.685234599033766,29.22863302108482,17.21412710174408,88.61245117874942,124.39712036332473,24.23007421742722,53.77016336919574,66.70991232450955
18,63,37,93,54,89,57,58,65,75
0.06475242972373962,0.13017401099205017,0.07969631999731064,0.04981016740202904,0.08106354624032974,0.1401601880788803,0.06702543795108795,0.18342092633247375,0.05452515184879303,0.14937172830104828
34.093193238464956,28.583497991356396,59.24538690177173,146.24114556529568,58.305679363967194,26.854643453227972,71.96796637111369,18.322294668888876,113.1145799759032,21.69774093471304
76,12,56,63,47,22,70,34,31,74
0.03820398822426796,0.022906068712472916,0.009681140072643757,0.1709829419851303,0.006962640210986137,0.1892346888780594,0.17895382642745972,0.18926092982292175,0.03775520995259285,0.15605860948562622
88.33387811840653,106.8427263039581,139.10358241477823,38.02900151272299,139.34345214702412,56.00058201078695,57.21526178949656,54.40037796786779,88.22145652065035,71.88347096821008
27,36,11,14,83,29,65,72,80,10
0.09514183551073074,0.02001040242612362,0.06369613111019135,0.20540466904640198,0.06894204765558243,0.11151434481143951,0.09611602127552032,0.17204749584197998,0.05387572944164276,0.11325141787528992
75.78927470398598,92.6405604338618,50.79844180142857,22.28774052445754,128.71323807693597,58.6810807524985,69.74397585432558,32.812633928298105,57.522303758520486,34.55575523305145
88,61,93,18,80,92,90,72,6,70
0.03596474602818489,0.0026303892955183983,0.11012179404497147,0.028533758595585823,0.045068446546792984,0.12079817801713943,0.04496131092309952,0.33818912506103516,0.09543749690055847,0.17829474806785583
83.56707518327717,165.2071793517915,87.00262657673044,93.04210866255666,75.0591010627209,78.40987125455729,74.63564818817312,20.591008329448986,111.65400658955325,45.037851647860464
43,82,95,55,5,73,63,38,13,76
0.1660803258419037,0.04454917833209038,0.07524927705526352,0.10867828130722046,0.059160079807043076,0.14743509888648987,0.20328927040100098,0.09492995589971542,0.059894561767578125,0.04073384776711464
25.11965991913754,49.08765776171491,34.65667619778511,43.24981089644353,120.61934491277715,27.942954672337578,19.19839893659145,52.23242125421839,120.38364779424987,50.01729681289014
20,23,58,43,82,8,16,86,51,62
0.12310989946126938,0.11798486113548279,0.13508984446525574,0.09606728702783585,0.07926751673221588,0.05587274208664894,0.11199923604726791,0.08457989245653152,0.07593780010938644,0.12009088695049286
30.323588500229487,27.858337622651792,27.46521903855743,45.342603147109344,28.762761476497808,124.5743338269866,29.04169807450627,54.54516521955108,63.59179204602588,21.321539161762278
20,30,43,88,69,79,82,4,68,74
0.16784659028053284,0.0671522468328476,0.1295870989561081,0.15516898036003113,0.1374218761920929,0.013004973530769348,0.0698343962430954,0.11364791542291641,0.0828707218170166,0.06346515566110611
24.29752184629317,37.15659660004449,37.24686536464763,20.111282507140892,22.13217133072352,77.58585529209722,36.76673227986222,40.41135982529773,71.71915509144854,124.9826823941521
6,73,75,99,15,8,19,96,47,65
0.06858949363231659,0.20487070083618164,0.10080469399690628,0.09438503533601761,0.12861338257789612,0.09420306235551834,0.2006116807460785,0.014358158223330975,0.005074069835245609,0.08848970383405685
138.51011075459436,21.996105196121157,37.37645501714197,39.764628855401284,43.70964098278262,78.02980137321734,25.032460615621794,105.1764700099314,128.23780095490565,80.97991166795627
48,5,73,89,81,23,32,77,18,83
0.12385009974241257,0.05321808531880379,0.10443302989006042,0.12618489563465118,0.13430136442184448,0.11211396753787994,0.1593068391084671,0.06551528722047806,0.072984978556633,0.04809141159057617
21.873557430112676,133.45447784263368,39.276168749518135,31.19866486651512,25.33530632500881,27.695677227852272,19.88768128624751,89.24991246494307,31.41944296903392,177.13942800270357
30,16,63,90,33,98,3,62,21,19
0.08035968989133835,0.12022809684276581,0.10950493812561035,0.19455716013908386,0.0822734385728836,0.03751584142446518,0.12397131323814392,0.12406374514102936,0.05012017861008644,0.0774056613445282
29.08542967257457,28.448771160920224,39.07843425007584,16.62265571758823,30.08570217059353,47.843724485623504,30.38757616454873,21.981981701640322,187.2367318396687,64.46217550092845
26,99,33,95,3,71,80,11,58,87
0.05547162890434265,0.09161390364170074,0.08027568459510803,0.1191931813955307,0.10644711554050446,0.10586944222450256,0.14832264184951782,0.11406970024108887,0.11123199015855789,0.06750470399856567
119.77327213844498,38.81605068802885,29.369156666156588,22.894777513711368,33.76593410027424,35.56283810526885,21.06110320850679,28.729082276624002,33.18863654480438,76.98369792426024
8,37,99,62,49,43,0,91,92,52
0.09081190824508667,0.15947642922401428,0.10787710547447205,0.04478413984179497,0.026667168363928795,0.20575681328773499,0.08115781098604202,0.1502549797296524,0.07651969790458679,0.05669383332133293
81.75347314392062,34.77712766170371,35.1263327566327,62.219701540312975,80.93512303459481,22.3719609929902,100.1745351873419,33.72695791840242,109.96446514101726,55.03794412011363
87,64,73,84,3,54,80,11,20,63
0.07070156931877136,0.10336309671401978,0.09871667623519897,0.06191433221101761,0.12587057054042816,0.0700058713555336,0.1099465861916542,0.11887358129024506,0.12577563524246216,0.1148320734500885
60.15609172057099,34.69405202759906,35.752941517425356,72.29990909723712,23.33552032394098,60.72294359553273,23.268792545875016,22.443343652771667,24.13028576121652,29.12214666314163
4,71,9,54,82,38,16,87,91,34
0.13899821043014526,0.14315740764141083,0.0916338637471199,0.10858694463968277,0.03670468181371689,0.10164886713027954,0.08778421580791473,0.114421546459198,0.10551364719867706,0.07155051082372665
28.008666740808213,24.584204637851947,60.082458800125266,44.93752852267871,58.799818887237016,48.035201834013094,34.78291353838476,42.69242971168893,42.16925241937987,86.10006215517501
60,16,98,30,49,88,70,59,93,27
0.10733942687511444,0.061144355684518814,0.019423900172114372,0.029731709510087967,0.02474777027964592,0.043819181621074677,0.23545677959918976,0.12309504300355911,0.15205417573451996,0.20318765938282013
140.68940886088404,78.44684331802333,130.14799268525044,110.78160260874772,120.50863072047993,93.27183788361576,40.72473934270482,59.6115374771581,77.77886132832782,53.14037001923538
0,63,47,75,97,35,25,88,18,91
0.06755133718252182,0.152610644698143,0.00806338433176279,0.17214977741241455,0.0909135490655899,0.02216685190796852,0.17093901336193085,0.1338251829147339,0.08792176842689514,0.09385852515697479
134.4353498200901,31.908048125139995,91.04242228900766,24.777604555323745,73.13619705940759,66.97272357553484,21.994433999380956,24.637597903788226,33.02480609152479,60.1643095250415
69,33,14,95,94,24,52,85,18,51
0.12186690419912338,0.07431759685277939,0.16408132016658783,0.11901716887950897,0.08541841059923172,0.02686435729265213,0.1216394305229187,0.06997395306825638,0.08841434866189957,0.1284065544605255
30.625389626029147,44.14986905416595,39.97418753327342,31.896258995227402,124.7523640808061,74.2070286796928,33.25545692121915,182.16273416577278,38.192177943326136,52.5964306914868
89,46,50,90,86,76,73,60,96,75
0.13059838116168976,0.05312667042016983,0.18583270907402039,0.1296262890100479,0.11467033624649048,0.04376721382141113,0.13010375201702118,0.04818239063024521,0.018309786915779114,0.14578242599964142
32.64833935286755,164.1364833187613,20.82277629652954,21.40070568596797,42.61207648660178,43.87193248491497,35.31907260459195,210.4167182343171,71.88911206569288,24.96017946814548
59,91,18,23,49,95,60,89,53,14
0.07344736158847809,0.09342296421527863,0.07355643808841705,0.12709644436836243,0.04462660104036331,0.10349082946777344,0.05542157590389252,0.15129463374614716,0.15930821001529694,0.11833500862121582
74.50238238116114,54.29121373364087,40.73872453523567,29.56186718898552,55.30475978682237,32.83768936410474,205.47465058067382,28.740516226213103,25.516764795806917,41.28793236982206
58,82,36,79,60,20,46,80,12,30
0.18553972244262695,0.08791249990463257,0.057993948459625244,0.015681065618991852,0.0601917989552021,0.16097484529018402,0.0645534098148346,0.24439051747322083,0.03899513557553291,0.08376702666282654
25.693914573177633,33.61413988771132,41.59206977964294,74.26964373462923,218.78347958084038,29.740913093264197,174.41670088289996,16.249376490441872,51.242208344446134,34.26861734540256
42,64,32,1,35,56,44,74,93,78
0.19300857186317444,0.17334012687206268,0.07849466055631638,0.14452002942562103,0.013924128375947475,0.00809114333242178,0.11192919313907623,0.13697518408298492,0.1143721416592598,0.02534487470984459
44.64437112388162,34.52305650813761,58.89941107515423,40.2966341719248,122.42673590381514,144.6044713174527,98.42514307361967,71.33160759570403,95.83831905056296,103.2475739348751
97,25,53,60,55,28,37,44,1,14
0.1153239831328392,0.04683271795511246,0.07896751910448074,0.049527183175086975,0.1611354500055313,0.07306040078401566,0.1397789716720581,0.06057421490550041,0.11329817026853561,0.16150139272212982
37.23910711379654,59.8592077784143,42.89069330595654,165.75507274477303,24.538603595279216,77.70289092313426,28.489995974121666,105.0703912116777,33.50280203416761,25.126062778750647
82,2,84,18,95,7,87,78,22,57
0.0863785669207573,0.12710648775100708,0.08917170017957687,0.10203307867050171,0.13897353410720825,0.14806188642978668,0.097197026014328,0.05545731261372566,0.07521039992570877,0.08041004091501236
33.70568198459831,27.675821773523612,77.77626540878329,30.238230535821703,25.051414416312156,35.11834241009693,67.81172234577146,43.685373584695085,113.89344492496045,83.64726674778441
56,98,59,19,34,83,80,43,40,58
0.007770924363285303,0.02103005163371563,0.0949697270989418,0.19256280362606049,0.1004767194390297,0.07036584615707397,0.07494105398654938,0.21727091073989868,0.08763378113508224,0.13297809660434723
124.17507486911373,92.00261651340412,59.59423751111554,28.053360366131386,73.70297759419222,144.02925321353993,47.22032436571275,22.31321052680837,93.15792203296508,31.28680157249569
84,28,53,68,85,44,25,46,32,56
0.16763651371002197,0.1487690955400467,0.06175576522946358,0.21860738098621368,0.0892576053738594,0.11330169439315796,0.04168981313705444,0.10304011404514313,0.050028592348098755,0.005913362372666597
36.65767527067149,54.950999123651066,68.01559807890577,27.377566143280294,115.07784389816312,79.81943122800675,85.5129170615469,95.46905687348388,75.90004541850584,162.5061477202478
61,81,83,18,62,66,28,36,85,78
0.0031886203214526176,0.06968895345926285,0.12972120940685272,0.03311595693230629,0.03576410561800003,0.3561585247516632,0.20694193243980408,0.02197796292603016,0.12110767513513565,0.022335097193717957
178.8787724532316,74.5352232955584,101.04146155477463,107.4009945615612,106.57554447286441,26.306636492245758,51.317017443503815,124.57217019036595,110.15467197451272,124.98447559847183
42,47,26,4,44,66,94,22,38,15
0.13997334241867065,0.0032150994520634413,0.1314985603094101,0.06749185919761658,0.07992622256278992,0.14037543535232544,0.09214448928833008,0.11867890506982803,0.1219479888677597,0.10474810749292374
34.87994196615728,163.620213356266,38.75387927910814,54.799187290820065,79.72226570060273,35.65510994562175,65.22648717282152,44.47886310030094,37.675928468154574,43.03768901534154
24,40,38,39,33,75,28,70,7,52
0.015731334686279297,0.08877953886985779,0.15274351835250854,0.19621258974075317,0.038780488073825836,0.10907969623804092,0.08687759935855865,0.0958922803401947,0.15832172334194183,0.05758121982216835
97.0616397659884,94.53470035025498,40.321272967392005,27.305306681105392,64.03697662288562,33.96669798884821,96.84423906781961,79.36076705561918,27.274490410426324,52.55891179414177
35,33,70,10,71,89,62,2,49,23
0.036984607577323914,0.09260977059602737,0.06309767812490463,0.09182963520288467,0.1047944724559784,0.09551115334033966,0.18119598925113678,0.13450118899345398,0.10181500762701035,0.09766054898500443
44.49029229392,33.76639141888166,136.52529527527125,56.96440646154075,47.437922017226896,57.00296815873933,18.98082367760864,27.35494748405613,26.21110515967242,44.488442966878345
90,88,75,0,57,41,93,13,28,29
0.04774555563926697,0.03834434598684311,0.06697104871273041,0.124927818775177,0.13596327602863312,0.05447188392281532,0.1045605018734932,0.12365364283323288,0.13892632722854614,0.16443562507629395
76.36695052712594,84.65858881505319,62.47724390415581,71.31508129640251,45.778658203086295,71.1180384334734,89.63515458512916,71.52838979646474,61.174680650857304,46.973222612230096
74,6,34,1,92,14,45,66,54,72
0.09074537456035614,0.06626395881175995,0.11263828724622726,0.06817014515399933,0.08277688920497894,0.09998992830514908,0.033224280923604965,0.13208022713661194,0.13742142915725708,0.17668943107128143
65.91150998450499,113.76343498956508,48.87351889939352,52.45376032903885,79.85881095721373,39.01351616247086,77.60108075519953,40.9596746360254,31.567795231862192,27.087810001615
53,22,94,97,27,51,47,23,4,2
0.15233340859413147,0.09772410988807678,0.08726684004068375,0.14038021862506866,0.08877979964017868,0.1493038833141327,0.005948994308710098,0.08441536873579025,0.13254454731941223,0.061302829533815384
31.812877000774485,78.49030219754859,99.93664496976322,44.143861883530164,93.71400871634667,36.716818433238124,126.9769256535907,48.855487333339795,37.34032084150958,57.59416118274274
78,3,0,9,40,1,57,10,28,76
0.023634860292077065,0.09609722346067429,0.10116540640592575,0.1646871715784073,0.10782038420438766,0.11476912349462509,0.13613878190517426,0.11962179094552994,0.10659600794315338,0.029469233006238937
95.504611717838,43.947370090719026,89.02174780373193,42.11347092788423,79.33100712461837,43.483458432219514,46.127074817833396,38.8059796002417,80.65614103053468,85.80332423174961
76,8,1,29,41,17,60,2,14,5
0.022894589230418205,0.15674903988838196,0.08866529166698456,0.17034196853637695,0.050132639706134796,0.14101532101631165,0.08041909337043762,0.035502806305885315,0.1301838755607605,0.12409531325101852
107.58852641255478,51.00420526856707,55.33400226479759,44.56891499233238,75.80685778674645,59.04424114263283,146.40648012255127,90.07286546874147,41.116315394275816,69.36537799264487
37,35,82,73,83,7,26,40,25,53
0.11646977066993713,0.014561017975211143,0.04004322737455368,0.17523877322673798,0.05913363769650459,0.19051910936832428,0.0788990706205368,0.07192550599575043,0.0829094722867012,0.1703004091978073
46.172303297505906,88.71595407711344,59.525893787913844,25.42712400673553,157.40779170874927,22.262773254876556,87.35510603726178,104.24290855676946,39.701787536504575,22.86399368070351
69,55,61,88,71,15,24,32,21,56
0.11172574013471603,0.13234630227088928,0.004855132196098566,0.12698502838611603,0.20447750389575958,0.10035551339387894,0.026625722646713257,0.2074432224035263,0.07299477607011795,0.01219109632074833
31.347963637511608,55.726781004233054,109.27083879488389,27.565800406496113,26.89444699741705,77.73334013130241,71.67367183544457,22.461650803891008,176.560807514012,94.60928597229503
23,48,34,65,24,80,37,61,91,77
0.09265293180942535,0.07384272664785385,0.12411005795001984,0.10695840418338776,0.019976435229182243,0.09110056608915329,0.19948916137218475,0.004011072218418121,0.13738061487674713,0.15047802031040192
52.9602684950001,59.60214569530509,71.06056918001362,86.3118465987216,105.91196226111572,52.37129872064946,34.601591605034045,142.02366935215412,47.88135870794343,54.413489879435
46,64,84,23,38,4,0,52,86,57
0.061080917716026306,0.17843875288963318,0.10304995626211166,0.06866276264190674,0.11730890721082687,0.12108603119850159,0.07112042605876923,0.052011892199516296,0.13838163018226624,0.08885861188173294
140.4957809086273,23.999996185302432,52.02050611672886,47.137494199151064,43.43788921813032,33.56842250177706,105.01032780309039,55.222320113083576,32.5811093507179,58.5057964876665
